window,indicator,acc,r2,pearson,spearman,ic,win,sharpe
1,vwa_mean_reversion,0.5220263485712129,0.00011115194667699058,0.010542862356911025,0.050419963455792534,0.05635351366483784,0.3053605134012835,1.3486395948108378
2,vwa_mean_reversion,0.5201011664338832,0.00016154482029517858,0.012710028335739585,0.04477720899651853,0.05635351366483784,0.3053605134012835,1.3486395948108378
3,vwa_mean_reversion,0.5190819523611793,0.00017109314234542428,0.013080257732378902,0.04418062015092785,0.05635351366483784,0.3053605134012835,1.3486395948108378
4,vwa_mean_reversion,0.5168925295383338,9.38013219636824e-05,0.009685108257719914,0.032134728785936345,0.05635351366483784,0.3053605134012835,1.3486395948108378
5,vwa_mean_reversion,0.5182892303046318,0.00010356273673861605,0.01017657785008476,0.031994074824674354,0.05635351366483784,0.3053605134012835,1.3486395948108378
6,vwa_mean_reversion,0.5198746744177267,6.0095720214925485e-05,0.007752142943400892,0.032588214415555476,0.05635351366483784,0.3053605134012835,1.3486395948108378
7,vwa_mean_reversion,0.5172700162319278,4.25183220033043e-05,0.006520607487288887,0.025034226462479416,0.05635351366483784,0.3053605134012835,1.3486395948108378
8,vwa_mean_reversion,0.5207806424823525,6.578969996562378e-06,0.0025649502913035814,0.018389408105412133,0.05635351366483784,0.3053605134012835,1.3486395948108378
9,vwa_mean_reversion,0.5202521611113208,7.223683415769067e-06,-0.002687691093825299,0.01253710132493028,0.05635351366483784,0.3053605134012835,1.3486395948108378
10,vwa_mean_reversion,0.5229323166358386,4.337971472689883e-05,-0.006586327863604556,0.010490867099159223,0.05635351366483784,0.3053605134012835,1.3486395948108378
11,vwa_mean_reversion,0.524932996111887,3.773076632995753e-05,-0.006142537450424904,0.012165434415816715,0.05635351366483784,0.3053605134012835,1.3486395948108378
12,vwa_mean_reversion,0.5253859801441999,5.534524491201953e-05,-0.007439438480958262,0.0061184381316584414,0.05635351366483784,0.3053605134012835,1.3486395948108378
13,vwa_mean_reversion,0.5247820014344494,6.439432940275047e-05,-0.008024607741365064,0.005745329779829031,0.05635351366483784,0.3053605134012835,1.3486395948108378
14,vwa_mean_reversion,0.5278018949832018,7.493200947583656e-05,-0.008656327713059641,0.002687707069413413,0.05635351366483784,0.3053605134012835,1.3486395948108378
15,vwa_mean_reversion,0.5315767619191424,9.096218228310526e-05,-0.009537409621236639,0.0029567370957597613,0.05635351366483784,0.3053605134012835,1.3486395948108378
16,vwa_mean_reversion,0.529500585104375,0.00010604874776309892,-0.01029799726953499,-0.0006049959859987016,0.05635351366483784,0.3053605134012835,1.3486395948108378
17,vwa_mean_reversion,0.5276131516364048,0.00010065053243479838,-0.010032473894048412,0.0016099315171411847,0.05635351366483784,0.3053605134012835,1.3486395948108378
18,vwa_mean_reversion,0.5287078630478276,0.0001120682291521069,-0.010586228277916337,0.002446512647456106,0.05635351366483784,0.3053605134012835,1.3486395948108378
19,vwa_mean_reversion,0.5269336755879356,0.00012088621384309661,-0.010994826685452555,0.0018252731723405042,0.05635351366483784,0.3053605134012835,1.3486395948108378
20,vwa_mean_reversion,0.527348910950889,0.00015222689781280163,-0.012338026495866022,-0.0017205033405156517,0.05635351366483784,0.3053605134012835,1.3486395948108378
21,vwa_mean_reversion,0.5278018949832018,0.00015603343158765437,-0.012491334259696348,-0.0025234004600447153,0.05635351366483784,0.3053605134012835,1.3486395948108378
22,vwa_mean_reversion,0.5262164508701068,9.884908183865893e-05,-0.009942287555619673,-0.002031053481634738,0.05635351366483784,0.3053605134012835,1.3486395948108378
23,vwa_mean_reversion,0.5278773923219207,0.00010835517213236834,-0.010409379046438115,-0.00440318745346724,0.05635351366483784,0.3053605134012835,1.3486395948108378
24,vwa_mean_reversion,0.5265561888943415,6.256536262239099e-05,-0.007909826965394271,0.00047957475029439457,0.05635351366483784,0.3053605134012835,1.3486395948108378
1,volatility_breakout,0.5055301800611528,0.0018230230994994434,0.042696874587015876,0.02319088408069334,0.018954970695902275,0.4810872027180068,-0.7627753289024467
2,volatility_breakout,0.5079083462307954,0.0011933440420047736,0.03454481208524458,0.008068931844764692,0.018954970695902275,0.4810872027180068,-0.7627753289024467
3,volatility_breakout,0.5149673474010041,0.0021997701510835244,0.04690170733654922,0.020382530464510835,0.018954970695902275,0.4810872027180068,-0.7627753289024467
4,volatility_breakout,0.5158733154656299,0.0005183462797632155,0.02276721941219762,0.004426091866527624,0.018954970695902275,0.4810872027180068,-0.7627753289024467
5,volatility_breakout,0.5168925295383338,0.00018189104035026826,0.013486698645347824,-0.0028697627758713187,0.018954970695902275,0.4810872027180068,-0.7627753289024467
6,volatility_breakout,0.5192329470386169,0.000490284051612222,0.022142358763515134,0.007036893783823267,0.018954970695902275,0.4810872027180068,-0.7627753289024467
7,volatility_breakout,0.5188932090143823,0.0003767221436195012,0.0194093313542607,0.003009205484596111,0.018954970695902275,0.4810872027180068,-0.7627753289024467
8,volatility_breakout,0.5207806424823525,0.0003013645826769329,0.017359855491249878,0.011822763895003845,0.018954970695902275,0.4810872027180068,-0.7627753289024467
9,volatility_breakout,0.5202521611113208,0.0004496840641138311,0.02120575544784681,0.007494407767480305,0.018954970695902275,0.4810872027180068,-0.7627753289024467
10,volatility_breakout,0.5229323166358386,4.675833224798698e-05,0.006838006452764985,0.003002716587750119,0.018954970695902275,0.4810872027180068,-0.7627753289024467
11,volatility_breakout,0.524932996111887,0.0002238061523094359,0.014960152148605061,0.0017398999972616557,0.018954970695902275,0.4810872027180068,-0.7627753289024467
12,volatility_breakout,0.5253859801441999,0.0005635579444887018,0.023739375402241518,0.007188486395644914,0.018954970695902275,0.4810872027180068,-0.7627753289024467
13,volatility_breakout,0.5247820014344494,0.0002674243353627537,0.016353113934747678,0.008790951038556451,0.018954970695902275,0.4810872027180068,-0.7627753289024467
14,volatility_breakout,0.5278018949832018,4.7225407482254234e-05,0.006872074467167617,0.005995030731509454,0.018954970695902275,0.4810872027180068,-0.7627753289024467
15,volatility_breakout,0.5315767619191424,3.9572469285875655e-06,-0.001989283018696351,0.0037061631303058388,0.018954970695902275,0.4810872027180068,-0.7627753289024467
16,volatility_breakout,0.529500585104375,2.3136582076532797e-05,-0.004810050111669589,-7.245076670177467e-05,0.018954970695902275,0.4810872027180068,-0.7627753289024467
17,volatility_breakout,0.5276131516364048,9.994815314273708e-06,0.0031614577830810266,-0.0007541676707072025,0.018954970695902275,0.4810872027180068,-0.7627753289024467
18,volatility_breakout,0.5287078630478276,4.811850149333274e-06,-0.0021935929771207214,-0.0002410906001000445,0.018954970695902275,0.4810872027180068,-0.7627753289024467
19,volatility_breakout,0.5269336755879356,6.0168767042179105e-05,-0.007756852908395556,-0.001050767793457965,0.018954970695902275,0.4810872027180068,-0.7627753289024467
20,volatility_breakout,0.527348910950889,4.108536901026305e-05,-0.0064097869707255605,0.003852815146526191,0.018954970695902275,0.4810872027180068,-0.7627753289024467
21,volatility_breakout,0.5278018949832018,1.3852282779391878e-05,-0.0037218654972085404,0.00211301849054708,0.018954970695902275,0.4810872027180068,-0.7627753289024467
22,volatility_breakout,0.5262164508701068,3.3586041128130795e-05,-0.005795346506269651,-0.00025514820053051864,0.018954970695902275,0.4810872027180068,-0.7627753289024467
23,volatility_breakout,0.5278773923219207,8.652096032790713e-05,-0.009301664384827197,0.004265841050052161,0.018954970695902275,0.4810872027180068,-0.7627753289024467
24,volatility_breakout,0.5265561888943415,5.5995252847385046e-05,-0.0074829975843457765,0.005530459499705648,0.018954970695902275,0.4810872027180068,-0.7627753289024467
1,buy_volume_sentiment,0.5055301800611528,0.0,,,0.0,0.5055492638731597,0.8205388362549025
2,buy_volume_sentiment,0.5079083462307954,0.0,,,0.0,0.5055492638731597,0.8205388362549025
3,buy_volume_sentiment,0.5149673474010041,0.0,,,0.0,0.5055492638731597,0.8205388362549025
4,buy_volume_sentiment,0.5158733154656299,0.0,,,0.0,0.5055492638731597,0.8205388362549025
5,buy_volume_sentiment,0.5168925295383338,0.0,,,0.0,0.5055492638731597,0.8205388362549025
6,buy_volume_sentiment,0.5192329470386169,0.0,,,0.0,0.5055492638731597,0.8205388362549025
7,buy_volume_sentiment,0.5188932090143823,0.0,,,0.0,0.5055492638731597,0.8205388362549025
8,buy_volume_sentiment,0.5207806424823525,0.0,,,0.0,0.5055492638731597,0.8205388362549025
9,buy_volume_sentiment,0.5202521611113208,0.0,,,0.0,0.5055492638731597,0.8205388362549025
10,buy_volume_sentiment,0.5229323166358386,0.0,,,0.0,0.5055492638731597,0.8205388362549025
11,buy_volume_sentiment,0.524932996111887,0.0,,,0.0,0.5055492638731597,0.8205388362549025
12,buy_volume_sentiment,0.5253859801441999,0.0,,,0.0,0.5055492638731597,0.8205388362549025
13,buy_volume_sentiment,0.5247820014344494,0.0,,,0.0,0.5055492638731597,0.8205388362549025
14,buy_volume_sentiment,0.5278018949832018,0.0,,,0.0,0.5055492638731597,0.8205388362549025
15,buy_volume_sentiment,0.5315767619191424,0.0,,,0.0,0.5055492638731597,0.8205388362549025
16,buy_volume_sentiment,0.529500585104375,0.0,,,0.0,0.5055492638731597,0.8205388362549025
17,buy_volume_sentiment,0.5276131516364048,0.0,,,0.0,0.5055492638731597,0.8205388362549025
18,buy_volume_sentiment,0.5287078630478276,0.0,,,0.0,0.5055492638731597,0.8205388362549025
19,buy_volume_sentiment,0.5269336755879356,0.0,,,0.0,0.5055492638731597,0.8205388362549025
20,buy_volume_sentiment,0.527348910950889,0.0,,,0.0,0.5055492638731597,0.8205388362549025
21,buy_volume_sentiment,0.5278018949832018,0.0,,,0.0,0.5055492638731597,0.8205388362549025
22,buy_volume_sentiment,0.5262164508701068,0.0,,,0.0,0.5055492638731597,0.8205388362549025
23,buy_volume_sentiment,0.5278773923219207,0.0,,,0.0,0.5055492638731597,0.8205388362549025
24,buy_volume_sentiment,0.5265561888943415,0.0,,,0.0,0.5055492638731597,0.8205388362549025
1,interest_rate_carry,0.5072288701823261,9.350794618723235e-06,-0.003057906901547744,-0.017083488524240773,-0.00592870948982177,0.250245375613439,-0.6628540546956212
2,interest_rate_carry,0.5084368276018271,2.200098680094076e-05,-0.004690520951983627,-0.018264803970029223,-0.00592870948982177,0.250245375613439,-0.6628540546956212
3,interest_rate_carry,0.5158733154656299,3.653163328354303e-05,-0.006044140408990862,-0.02308206765374353,-0.00592870948982177,0.250245375613439,-0.6628540546956212
4,interest_rate_carry,0.5165527915140992,5.356678228507494e-05,-0.007318933138440756,-0.021225336874902793,-0.00592870948982177,0.250245375613439,-0.6628540546956212
5,interest_rate_carry,0.5168925295383338,6.947104655252723e-05,-0.008334929306992915,-0.017176245616995652,-0.00592870948982177,0.250245375613439,-0.6628540546956212
6,interest_rate_carry,0.5192329470386169,8.56762137819711e-05,-0.009256144650010832,-0.017063169269921134,-0.00592870948982177,0.250245375613439,-0.6628540546956212
7,interest_rate_carry,0.5188932090143823,0.00010031127903165071,-0.010015551858562758,-0.018217443624063277,-0.00592870948982177,0.250245375613439,-0.6628540546956212
8,interest_rate_carry,0.5207806424823525,0.00010609698992491978,-0.010300339311164782,-0.018213152102527917,-0.00592870948982177,0.250245375613439,-0.6628540546956212
9,interest_rate_carry,0.5202521611113208,0.00011511815759879251,-0.01072931300685034,-0.018333929878615964,-0.00592870948982177,0.250245375613439,-0.6628540546956212
10,interest_rate_carry,0.5229323166358386,0.0001304969127555733,-0.011423524532982026,-0.020373681391204764,-0.00592870948982177,0.250245375613439,-0.6628540546956212
11,interest_rate_carry,0.524932996111887,0.00014695639118622594,-0.01212255712241275,-0.02153625342733334,-0.00592870948982177,0.250245375613439,-0.6628540546956212
12,interest_rate_carry,0.5253859801441999,0.00015185497557790306,-0.012322945085403061,-0.02147544845905743,-0.00592870948982177,0.250245375613439,-0.6628540546956212
13,interest_rate_carry,0.5247820014344494,0.0001597744897189335,-0.012640193420940972,-0.022913658641848002,-0.00592870948982177,0.250245375613439,-0.6628540546956212
14,interest_rate_carry,0.5278018949832018,0.00016639855058941944,-0.012899556216764137,-0.025224013862571178,-0.00592870948982177,0.250245375613439,-0.6628540546956212
15,interest_rate_carry,0.5315767619191424,0.0001675412959991629,-0.012943774410855934,-0.026128047123434327,-0.00592870948982177,0.250245375613439,-0.6628540546956212
16,interest_rate_carry,0.529500585104375,0.00017445337167976138,-0.013208079787771767,-0.025251219113108514,-0.00592870948982177,0.250245375613439,-0.6628540546956212
17,interest_rate_carry,0.5276131516364048,0.00017985995983227365,-0.013411187860596408,-0.024273881541714278,-0.00592870948982177,0.250245375613439,-0.6628540546956212
18,interest_rate_carry,0.5287078630478276,0.00018674045062605504,-0.013665300970926107,-0.025268666131630084,-0.00592870948982177,0.250245375613439,-0.6628540546956212
19,interest_rate_carry,0.5269336755879356,0.00019290420166939715,-0.013888995704137434,-0.023192305575961317,-0.00592870948982177,0.250245375613439,-0.6628540546956212
20,interest_rate_carry,0.527348910950889,0.0001982634398456362,-0.014080605095140183,-0.02290726705391814,-0.00592870948982177,0.250245375613439,-0.6628540546956212
21,interest_rate_carry,0.5278018949832018,0.00020005162751279837,-0.014143960814171474,-0.0226422937332884,-0.00592870948982177,0.250245375613439,-0.6628540546956212
22,interest_rate_carry,0.5262164508701068,0.00020118230019616767,-0.014183874653846167,-0.02097821468480274,-0.00592870948982177,0.250245375613439,-0.6628540546956212
23,interest_rate_carry,0.5278773923219207,0.0002029654023865124,-0.014246592658819973,-0.020489713497927758,-0.00592870948982177,0.250245375613439,-0.6628540546956212
24,interest_rate_carry,0.5265561888943415,0.0002065033388249926,-0.014370224035315102,-0.019508544527610347,-0.00592870948982177,0.250245375613439,-0.6628540546956212
1,spread_vwap_signal,0.5055301800611528,0.0,,,0.0,0.0,0.0
2,spread_vwap_signal,0.5079083462307954,0.0,,,0.0,0.0,0.0
3,spread_vwap_signal,0.5149673474010041,0.0,,,0.0,0.0,0.0
4,spread_vwap_signal,0.5158733154656299,0.0,,,0.0,0.0,0.0
5,spread_vwap_signal,0.5168925295383338,0.0,,,0.0,0.0,0.0
6,spread_vwap_signal,0.5192329470386169,0.0,,,0.0,0.0,0.0
7,spread_vwap_signal,0.5188932090143823,0.0,,,0.0,0.0,0.0
8,spread_vwap_signal,0.5207806424823525,0.0,,,0.0,0.0,0.0
9,spread_vwap_signal,0.5202521611113208,0.0,,,0.0,0.0,0.0
10,spread_vwap_signal,0.5229323166358386,0.0,,,0.0,0.0,0.0
11,spread_vwap_signal,0.524932996111887,0.0,,,0.0,0.0,0.0
12,spread_vwap_signal,0.5253859801441999,0.0,,,0.0,0.0,0.0
13,spread_vwap_signal,0.5247820014344494,0.0,,,0.0,0.0,0.0
14,spread_vwap_signal,0.5278018949832018,0.0,,,0.0,0.0,0.0
15,spread_vwap_signal,0.5315767619191424,0.0,,,0.0,0.0,0.0
16,spread_vwap_signal,0.529500585104375,0.0,,,0.0,0.0,0.0
17,spread_vwap_signal,0.5276131516364048,0.0,,,0.0,0.0,0.0
18,spread_vwap_signal,0.5287078630478276,0.0,,,0.0,0.0,0.0
19,spread_vwap_signal,0.5269336755879356,0.0,,,0.0,0.0,0.0
20,spread_vwap_signal,0.527348910950889,0.0,,,0.0,0.0,0.0
21,spread_vwap_signal,0.5278018949832018,0.0,,,0.0,0.0,0.0
22,spread_vwap_signal,0.5262164508701068,0.0,,,0.0,0.0,0.0
23,spread_vwap_signal,0.5278773923219207,0.0,,,0.0,0.0,0.0
24,spread_vwap_signal,0.5265561888943415,0.0,,,0.0,0.0,0.0
1,wick_reversal_signal,0.5067003888112944,1.5489433824456e-07,0.0003935661801440281,-0.00683279001751194,-0.007204336423548678,0.13367308418271046,0.22198655931555814
2,wick_reversal_signal,0.505832169416028,2.4817484775563337e-05,-0.004981715043593187,-0.010815840894089759,-0.007204336423548678,0.13367308418271046,0.22198655931555814
3,wick_reversal_signal,0.5130421652636744,4.369390015490637e-05,-0.006610136167645056,-0.010832950136469566,-0.007204336423548678,0.13367308418271046,0.22198655931555814
4,wick_reversal_signal,0.5158733154656299,6.9266340835261175e-06,-0.00263184993558591,-0.00493235341707261,-0.007204336423548678,0.13367308418271046,0.22198655931555814
5,wick_reversal_signal,0.5168925295383338,5.906774010466798e-06,-0.002430385568271779,-0.004108978057093831,-0.007204336423548678,0.13367308418271046,0.22198655931555814
6,wick_reversal_signal,0.5192329470386169,3.0495613101977348e-05,-0.00552228332323288,-0.012069783854730195,-0.007204336423548678,0.13367308418271046,0.22198655931555814
7,wick_reversal_signal,0.5188932090143823,4.337698187439898e-05,-0.006586120396287794,-0.008450462189074099,-0.007204336423548678,0.13367308418271046,0.22198655931555814
8,wick_reversal_signal,0.5207806424823525,3.452513556811976e-05,-0.005875809354323606,-0.008379960396428672,-0.007204336423548678,0.13367308418271046,0.22198655931555814
9,wick_reversal_signal,0.5202521611113208,8.568878532511093e-05,-0.00925682371686629,-0.010123906308806527,-0.007204336423548678,0.13367308418271046,0.22198655931555814
10,wick_reversal_signal,0.5229323166358386,3.6828799248489474e-05,-0.006068673598783848,-0.010218327004788013,-0.007204336423548678,0.13367308418271046,0.22198655931555814
11,wick_reversal_signal,0.524932996111887,3.0086858148759e-05,-0.00548514887205701,-0.009268529068321736,-0.007204336423548678,0.13367308418271046,0.22198655931555814
12,wick_reversal_signal,0.5253859801441999,1.0824007950049896e-05,-0.003289986010605219,-0.00679227801347795,-0.007204336423548678,0.13367308418271046,0.22198655931555814
13,wick_reversal_signal,0.5247820014344494,1.3930361065783714e-06,-0.0011802695059634804,-0.005977484986735514,-0.007204336423548678,0.13367308418271046,0.22198655931555814
14,wick_reversal_signal,0.5278018949832018,4.2611666609682075e-06,0.0020642593492479016,-0.004436953393384777,-0.007204336423548678,0.13367308418271046,0.22198655931555814
15,wick_reversal_signal,0.5315767619191424,6.194170664164389e-07,0.0007870305370849128,-0.0029317849189827226,-0.007204336423548678,0.13367308418271046,0.22198655931555814
16,wick_reversal_signal,0.529500585104375,2.9516553057273853e-07,-0.0005432913865532965,-0.004485971736737585,-0.007204336423548678,0.13367308418271046,0.22198655931555814
17,wick_reversal_signal,0.5276131516364048,4.983458713470057e-07,0.0007059361666050265,-0.005254384217270724,-0.007204336423548678,0.13367308418271046,0.22198655931555814
18,wick_reversal_signal,0.5287078630478276,1.917798427841788e-06,0.0013848459942578566,-0.00632498046707676,-0.007204336423548678,0.13367308418271046,0.22198655931555814
19,wick_reversal_signal,0.5269336755879356,9.775929828648167e-06,0.003126648337861559,-0.006611600912308549,-0.007204336423548678,0.13367308418271046,0.22198655931555814
20,wick_reversal_signal,0.527348910950889,1.8733460950048908e-05,0.004328216832576497,-0.006088981238693191,-0.007204336423548678,0.13367308418271046,0.22198655931555814
21,wick_reversal_signal,0.5278018949832018,3.91944159892077e-05,0.006260544384402488,-0.0025965021044734708,-0.007204336423548678,0.13367308418271046,0.22198655931555814
22,wick_reversal_signal,0.5262164508701068,2.282333724301644e-05,0.004777377653374824,-0.0026428023245796757,-0.007204336423548678,0.13367308418271046,0.22198655931555814
23,wick_reversal_signal,0.5278773923219207,4.2862625468709226e-05,0.006546955435084535,-0.0010937937876794978,-0.007204336423548678,0.13367308418271046,0.22198655931555814
24,wick_reversal_signal,0.5265561888943415,3.684180345620014e-05,0.006069744925157618,-0.0009570330969696796,-0.007204336423548678,0.13367308418271046,0.22198655931555814
1,sma_50,0.5037440435670524,0.00010176967499708756,-0.010088095707182347,0.024335394037078194,0.003614390332292217,0.5055784576982716,0.2325156590141126
2,sma_50,0.5080931850843355,0.00020400779915041856,-0.014283129879353679,0.021723827081192193,0.003614390332292217,0.5055784576982716,0.2325156590141126
3,sma_50,0.5152030859995462,0.0003132500264991789,-0.017698870769041662,0.026777895573031958,0.003614390332292217,0.5055784576982716,0.2325156590141126
4,sma_50,0.5161485515467816,0.0004215830083936778,-0.02053248665879804,0.023029456627119617,0.003614390332292217,0.5055784576982716,0.2325156590141126
5,sma_50,0.5172452915815747,0.0005317187499985776,-0.023059027516321655,0.017432223689576854,0.003614390332292217,0.5055784576982716,0.2325156590141126
6,sma_50,0.5195900461387187,0.000641420075164878,-0.025326272429334024,0.01632761304255097,0.003614390332292217,0.5055784576982716,0.2325156590141126
7,sma_50,0.5193253157854928,0.0007483643909945714,-0.027356249578376245,0.018640096834879587,0.003614390332292217,0.5055784576982716,0.2325156590141126
8,sma_50,0.5211406096361848,0.0008587538372347714,-0.029304501996021953,0.016953452900764353,0.003614390332292217,0.5055784576982716,0.2325156590141126
9,sma_50,0.5205355116859541,0.0009591122059873225,-0.030969536741565506,0.016603296007211086,0.003614390332292217,0.5055784576982716,0.2325156590141126
10,sma_50,0.5232962710838817,0.00105171916517377,-0.03243021993717895,0.02012403206507042,0.003614390332292217,0.5055784576982716,0.2325156590141126
11,sma_50,0.5252628394221315,0.001143553907692385,-0.033816473909804586,0.01846769927576408,0.003614390332292217,0.5055784576982716,0.2325156590141126
12,sma_50,0.5257923001285834,0.0012301626124762155,-0.03507367406583301,0.01805955989589419,0.003614390332292217,0.5055784576982716,0.2325156590141126
13,sma_50,0.5251872021783526,0.0013188738357111651,-0.036316302616196436,0.0199073902786001,0.003614390332292217,0.5055784576982716,0.2325156590141126
14,sma_50,0.5281748733076167,0.0014087744828168436,-0.03753364467803299,0.022271226158171915,0.003614390332292217,0.5055784576982716,0.2325156590141126
15,sma_50,0.5319945541184479,0.0015012161820960879,-0.03874553112419763,0.02195517813678138,0.003614390332292217,0.5055784576982716,0.2325156590141126
16,sma_50,0.5299145299145299,0.0015889768810887217,-0.03986197287000187,0.019669892109738255,0.003614390332292217,0.5055784576982716,0.2325156590141126
17,sma_50,0.5279857801981696,0.0016802893075956726,-0.04099133210320875,0.016266470353273856,0.003614390332292217,0.5055784576982716,0.2325156590141126
18,sma_50,0.5290825202329628,0.0017706013697048606,-0.04207851434764019,0.016790404592644078,0.003614390332292217,0.5055784576982716,0.2325156590141126
19,sma_50,0.5273050450041601,0.001859478384772073,-0.04312166954991509,0.013061267610983899,0.003614390332292217,0.5055784576982716,0.2325156590141126
20,sma_50,0.5277210498449436,0.0019486579869787413,-0.044143606411110585,0.0106925918683032,0.003614390332292217,0.5055784576982716,0.2325156590141126
21,sma_50,0.5281748733076167,0.002037423008638739,-0.04513782237369006,0.009462072102817937,0.003614390332292217,0.5055784576982716,0.2325156590141126
22,sma_50,0.5265486725663717,0.0021287877208683303,-0.046138787596429295,0.006752541361507521,0.003614390332292217,0.5055784576982716,0.2325156590141126
23,sma_50,0.5303683533772029,0.002224166080859513,-0.04716106530666559,0.005349673418921036,0.003614390332292217,0.5055784576982716,0.2325156590141126
24,sma_50,0.530822176839876,0.00232007054265837,-0.0481671105907161,0.0033849692470136056,0.003614390332292217,0.5055784576982716,0.2325156590141126
1,sma_200,0.5040316446067244,9.641186494990794e-05,-0.009818954371516872,0.02434076630371737,0.003635793164104424,0.505990643185881,0.25459165466087585
2,sma_200,0.508443633044272,0.00019274815270120538,-0.013883376847915858,0.02187481796202677,0.003635793164104424,0.505990643185881,0.25459165466087585
3,sma_200,0.5154799939144987,0.00029534716244061787,-0.01718566735511276,0.027297238046178493,0.003635793164104424,0.505990643185881,0.25459165466087585
4,sma_200,0.5164688878746386,0.0003965481655449077,-0.019913517156570776,0.023851335808927895,0.003635793164104424,0.505990643185881,0.25459165466087585
5,sma_200,0.5175338506009433,0.0004987586050773096,-0.022332904089642627,0.0183966139890719,0.003635793164104424,0.505990643185881,0.25459165466087585
6,sma_200,0.5200060855012931,0.0006002474327837515,-0.024499947607776244,0.01771578598993387,0.003635793164104424,0.505990643185881,0.25459165466087585
7,sma_200,0.5197018104366348,0.0006989986875289844,-0.026438583311686092,0.020161456374279556,0.003635793164104424,0.505990643185881,0.25459165466087585
8,sma_200,0.5215654952076677,0.0008010013131144467,-0.028301966594468642,0.01825845948714787,0.003635793164104424,0.505990643185881,0.25459165466087585
9,sma_200,0.5208428419291039,0.0008936405024793093,-0.029893820473126127,0.017984808410398997,0.003635793164104424,0.505990643185881,0.25459165466087585
10,sma_200,0.5236193518941122,0.0009793260545203353,-0.03129418563439734,0.021312073658996917,0.003635793164104424,0.505990643185881,0.25459165466087585
11,sma_200,0.5256732085805568,0.0010646588650545796,-0.03262911069971768,0.019735411282329186,0.003635793164104424,0.505990643185881,0.25459165466087585
12,sma_200,0.5261676555606268,0.0011460330610977287,-0.03385311006536353,0.019574063290942554,0.003635793164104424,0.505990643185881,0.25459165466087585
13,sma_200,0.5254830366651453,0.0012303739249885925,-0.035076686345614595,0.021562300506934518,0.003635793164104424,0.505990643185881,0.25459165466087585
14,sma_200,0.5286779248440591,0.0013167955673164533,-0.03628767789920809,0.024023281369107242,0.003635793164104424,0.505990643185881,0.25459165466087585
15,sma_200,0.5325574319184543,0.0014064579938487531,-0.03750277314877946,0.023843814523500022,0.003635793164104424,0.505990643185881,0.25459165466087585
16,sma_200,0.530655712764339,0.001492306062462534,-0.038630377456900254,0.021747649781121977,0.003635793164104424,0.505990643185881,0.25459165466087585
17,sma_200,0.5286018560778944,0.001582391460236865,-0.03977928431026418,0.018499847480126227,0.003635793164104424,0.505990643185881,0.25459165466087585
18,sma_200,0.5298189563365282,0.0016723298857928004,-0.0408941302119579,0.018981984971513596,0.003635793164104424,0.505990643185881,0.25459165466087585
19,sma_200,0.5279933059485775,0.0017616644480897836,-0.041972186601245326,0.015584204133689585,0.003635793164104424,0.505990643185881,0.25459165466087585
20,sma_200,0.5287159592271413,0.0018518657395096838,-0.04303330965089345,0.013351393615452985,0.003635793164104424,0.505990643185881,0.25459165466087585
21,sma_200,0.5291343374410467,0.0019424152111658932,-0.04407283983550128,0.012288152270566595,0.003635793164104424,0.505990643185881,0.25459165466087585
22,sma_200,0.5275749277346722,0.002036214887270349,-0.045124437805587045,0.009737875304433066,0.003635793164104424,0.505990643185881,0.25459165466087585
23,sma_200,0.5293245093564583,0.0021345191804866825,-0.046200856923729175,0.008306048584073758,0.003635793164104424,0.505990643185881,0.25459165466087585
24,sma_200,0.5303894720827628,0.002233715650584611,-0.047262201076385034,0.006562590356958425,0.003635793164104424,0.505990643185881,0.25459165466087585
1,ema_20,0.5041334792948549,0.00011849267039010236,-0.01088543386319081,0.0232967551379986,0.002585288119175833,0.5055492638731597,0.2007871722046084
2,ema_20,0.5079083462307954,0.00023678219485467888,-0.015387728710065213,0.020340590041770495,0.002585288119175833,0.5055492638731597,0.2007871722046084
3,ema_20,0.5149673474010041,0.00036266340211243975,-0.019043723430896883,0.02528255799833242,0.002585288119175833,0.5055492638731597,0.2007871722046084
4,ema_20,0.5158733154656299,0.0004883853024808538,-0.022099441225535865,0.021197647837028495,0.002585288119175833,0.5055492638731597,0.2007871722046084
5,ema_20,0.5168925295383338,0.0006166751828585726,-0.024832945513143995,0.015460723369340585,0.002585288119175833,0.5055492638731597,0.2007871722046084
6,ema_20,0.5192329470386169,0.000745660237525203,-0.027306780065126844,0.01428008760681866,0.002585288119175833,0.5055492638731597,0.2007871722046084
7,ema_20,0.5188932090143823,0.0008725919509723346,-0.02953966741472268,0.01652912841481708,0.002585288119175833,0.5055492638731597,0.2007871722046084
8,ema_20,0.5207806424823525,0.0010045391874589082,-0.031694466196150246,0.01493853710195623,0.002585288119175833,0.5055492638731597,0.2007871722046084
9,ema_20,0.5202521611113208,0.001126764955421855,-0.03356731975332475,0.014501042838029684,0.002585288119175833,0.5055492638731597,0.2007871722046084
10,ema_20,0.5229323166358386,0.0012399904058861821,-0.035213497495794055,0.01787838117486237,0.002585288119175833,0.5055492638731597,0.2007871722046084
11,ema_20,0.524932996111887,0.0013508367675313382,-0.03675373134161131,0.016113284710668002,0.002585288119175833,0.5055492638731597,0.2007871722046084
12,ema_20,0.5253859801441999,0.0014542677231788037,-0.03813486230706518,0.015540742138897988,0.002585288119175833,0.5055492638731597,0.2007871722046084
13,ema_20,0.5247820014344494,0.0015577117401690543,-0.03946785705063262,0.017330569450568895,0.002585288119175833,0.5055492638731597,0.2007871722046084
14,ema_20,0.5278018949832018,0.0016604564624816964,-0.040748698905384156,0.019661272406292882,0.002585288119175833,0.5055492638731597,0.2007871722046084
15,ema_20,0.5315767619191424,0.001764264553611783,-0.04200314932968501,0.0192460833695492,0.002585288119175833,0.5055492638731597,0.2007871722046084
16,ema_20,0.529500585104375,0.0018606946584341921,-0.04313577005727635,0.01691144250438458,0.002585288119175833,0.5055492638731597,0.2007871722046084
17,ema_20,0.5276131516364048,0.001958571642988849,-0.04425575265418697,0.013433561562688032,0.002585288119175833,0.5055492638731597,0.2007871722046084
18,ema_20,0.5287078630478276,0.0020531737878307643,-0.04531196075906414,0.013902872506889999,0.002585288119175833,0.5055492638731597,0.2007871722046084
19,ema_20,0.5274244082896078,0.002143665714843812,-0.04629973774055294,0.010061630592204511,0.002585288119175833,0.5055492638731597,0.2007871722046084
20,ema_20,0.5287833603865464,0.002231586614721337,-0.0472396720429048,0.007636760218063513,0.002585288119175833,0.5055492638731597,0.2007871722046084
21,ema_20,0.5291985957494998,0.002316174910777513,-0.048126654888713594,0.0063790775218988405,0.002585288119175833,0.5055492638731597,0.2007871722046084
22,ema_20,0.5284436223623117,0.0024006120429347355,-0.048996041094508315,0.0036856844807033216,0.002585288119175833,0.5055492638731597,0.2007871722046084
23,ema_20,0.5308217885319543,0.0024862195697551437,-0.04986200527209997,0.002369207123596354,0.002585288119175833,0.5055492638731597,0.2007871722046084
24,ema_20,0.5321052432901741,0.002569576469422241,-0.05069099002211806,0.00047580493911842276,0.002585288119175833,0.5055492638731597,0.2007871722046084
1,ema_50,0.5032275112302291,0.00010895056988957652,-0.010437938967511731,0.02392574853724352,0.0032555670958208747,0.5055492638731597,0.21416718137534435
2,ema_50,0.5079083462307954,0.00021764091883769154,-0.01475265802618946,0.02113200205039243,0.0032555670958208747,0.5055492638731597,0.21416718137534435
3,ema_50,0.5149673474010041,0.00033323019224185124,-0.01825459372984852,0.026141887634599983,0.0032555670958208747,0.5055492638731597,0.21416718137534435
4,ema_50,0.5158733154656299,0.0004476535725559394,-0.021157825326721946,0.022280832213625517,0.0032555670958208747,0.5055492638731597,0.21416718137534435
5,ema_50,0.5168925295383338,0.0005634272026698861,-0.02373662155131198,0.01659681242403286,0.0032555670958208747,0.5055492638731597,0.21416718137534435
6,ema_50,0.5192329470386169,0.0006785659562306146,-0.026049298574636635,0.015460516867357,0.0032555670958208747,0.5055492638731597,0.21416718137534435
7,ema_50,0.5188932090143823,0.000790562399281991,-0.028116941499422114,0.017739329220782526,0.0032555670958208747,0.5055492638731597,0.21416718137534435
8,ema_50,0.5207806424823525,0.0009060830154555832,-0.030101212856886387,0.01605615130458851,0.0032555670958208747,0.5055492638731597,0.21416718137534435
9,ema_50,0.5202521611113208,0.0010112875174455027,-0.031800747120872504,0.015653619535531623,0.0032555670958208747,0.5055492638731597,0.21416718137534435
10,ema_50,0.5229323166358386,0.0011080284642294158,-0.03328706151389215,0.01910283252542584,0.0032555670958208747,0.5055492638731597,0.21416718137534435
11,ema_50,0.524932996111887,0.0012032211050581054,-0.034687477640466174,0.017385359273688557,0.0032555670958208747,0.5055492638731597,0.21416718137534435
12,ema_50,0.5253859801441999,0.0012925647380107597,-0.035952256368839586,0.016929351945821035,0.0032555670958208747,0.5055492638731597,0.21416718137534435
13,ema_50,0.5247820014344494,0.0013834178825224974,-0.037194325945265325,0.018753831205930754,0.0032555670958208747,0.5055492638731597,0.21416718137534435
14,ema_50,0.5278018949832018,0.001475009206799549,-0.038405848601479435,0.02111137499680389,0.0032555670958208747,0.5055492638731597,0.21416718137534435
15,ema_50,0.5315767619191424,0.00156882836833927,-0.039608438095173615,0.020766452932724035,0.0032555670958208747,0.5055492638731597,0.21416718137534435
16,ema_50,0.529500585104375,0.0016571373762594988,-0.040707952248418555,0.018476259038215943,0.0032555670958208747,0.5055492638731597,0.21416718137534435
17,ema_50,0.5276131516364048,0.0017485121253464353,-0.04181521404161767,0.015062944183522319,0.0032555670958208747,0.5055492638731597,0.21416718137534435
18,ema_50,0.5287078630478276,0.0018383871940050867,-0.042876417690907664,0.015576226508149231,0.0032555670958208747,0.5055492638731597,0.21416718137534435
19,ema_50,0.5269336755879356,0.0019262078739508137,-0.043888584779540614,0.011827392577735815,0.0032555670958208747,0.5055492638731597,0.21416718137534435
20,ema_50,0.527348910950889,0.002013623033982892,-0.044873411214020935,0.009448033691024831,0.0032555670958208747,0.5055492638731597,0.21416718137534435
21,ema_50,0.5278018949832018,0.0021000367886815363,-0.045826158345220955,0.00821571244649458,0.0032555670958208747,0.5055492638731597,0.21416718137534435
22,ema_50,0.5268204295798573,0.0021886161772114443,-0.04678264824923052,0.005533250606102352,0.0032555670958208747,0.5055492638731597,0.21416718137534435
23,ema_50,0.5296893284511721,0.002280555069317236,-0.04775515751536495,0.00415854812775541,0.0032555670958208747,0.5055492638731597,0.21416718137534435
24,ema_50,0.530708542523876,0.0023724347027225257,-0.048707645218412275,0.0022407165292698964,0.0032555670958208747,0.5055492638731597,0.21416718137534435
1,ema_200,0.5067003888112944,9.99847147856725e-05,-0.009999235710076843,0.02404314001285306,0.0035213063796546524,0.5055492638731597,0.23198680565775617
2,ema_200,0.5079083462307954,0.00020004808053175616,-0.014143835425075748,0.021286075717364034,0.0035213063796546524,0.5055492638731597,0.23198680565775617
3,ema_200,0.5149673474010041,0.00030678703528230766,-0.017515337144406784,0.026366448830948255,0.0035213063796546524,0.5055492638731597,0.23198680565775617
4,ema_200,0.5158733154656299,0.0004123530190274227,-0.02030647726780028,0.022713088093899835,0.0035213063796546524,0.5055492638731597,0.23198680565775617
5,ema_200,0.5168925295383338,0.0005191307488459085,-0.022784440937749742,0.01712693916607178,0.0035213063796546524,0.5055492638731597,0.23198680565775617
6,ema_200,0.5192329470386169,0.0006252262947964438,-0.025004525486330302,0.01630188777525388,0.0035213063796546524,0.5055492638731597,0.23198680565775617
7,ema_200,0.5188932090143823,0.0007283779010129887,-0.026988477189588175,0.018669787265169054,0.0035213063796546524,0.5055492638731597,0.23198680565775617
8,ema_200,0.5207806424823525,0.0008349023574029113,-0.028894676973502606,0.016763865689256092,0.0035213063796546524,0.5055492638731597,0.23198680565775617
9,ema_200,0.5202521611113208,0.0009318341493499416,-0.030525958614764103,0.016471546520472693,0.0035213063796546524,0.5055492638731597,0.23198680565775617
10,ema_200,0.5229323166358386,0.0010214618144210874,-0.03196031624407605,0.019796022363806835,0.0035213063796546524,0.5055492638731597,0.23198680565775617
11,ema_200,0.524932996111887,0.0011106156484974594,-0.033325900565440714,0.018133480369235618,0.0035213063796546524,0.5055492638731597,0.23198680565775617
12,ema_200,0.5253859801441999,0.001195376322042918,-0.03457421469886036,0.01791411359618621,0.0035213063796546524,0.5055492638731597,0.23198680565775617
13,ema_200,0.5247820014344494,0.001282873239900284,-0.03581721987955419,0.019798303042575887,0.0035213063796546524,0.5055492638731597,0.23198680565775617
14,ema_200,0.5278018949832018,0.001372256407814132,-0.03704397937336372,0.02216362193723298,0.0035213063796546524,0.5055492638731597,0.23198680565775617
15,ema_200,0.5315767619191424,0.001464847219308285,-0.03827332255381394,0.02190840967661671,0.0035213063796546524,0.5055492638731597,0.23198680565775617
16,ema_200,0.529500585104375,0.0015532626345968747,-0.03941145308913528,0.019730708001075424,0.0035213063796546524,0.5055492638731597,0.23198680565775617
17,ema_200,0.5276131516364048,0.0016458218318422535,-0.0405687297292168,0.016440009821409644,0.0035213063796546524,0.5055492638731597,0.23198680565775617
18,ema_200,0.5287078630478276,0.0017380027642455165,-0.04168936032425613,0.016939367105646617,0.0035213063796546524,0.5055492638731597,0.23198680565775617
19,ema_200,0.5269336755879356,0.0018293059681637747,-0.042770386579547064,0.0134709955331531,0.0035213063796546524,0.5055492638731597,0.23198680565775617
20,ema_200,0.527348910950889,0.0019213523291871093,-0.04383323315918005,0.011192184317927243,0.0035213063796546524,0.5055492638731597,0.23198680565775617
21,ema_200,0.5278018949832018,0.0020135453211787002,-0.04487254529418158,0.010077907361167482,0.0035213063796546524,0.5055492638731597,0.23198680565775617
22,ema_200,0.5262164508701068,0.002108995634018007,-0.045923802477777026,0.00748389125816293,0.0035213063796546524,0.5055492638731597,0.23198680565775617
23,ema_200,0.5278773923219207,0.0022087554353001915,-0.046997398175856755,0.006029377961928671,0.0035213063796546524,0.5055492638731597,0.23198680565775617
24,ema_200,0.5280661356687176,0.0023092829600595,-0.04805499932431087,0.004222318991712777,0.0035213063796546524,0.5055492638731597,0.23198680565775617
1,rsi_14,0.5194123423219277,0.00012316456846794832,0.011097953345913455,-0.031818538098426566,-0.028139000869800437,0.5055331042036485,1.1140171167276245
2,rsi_14,0.5188080670745524,0.0003382123412811744,0.01839055032567387,-0.027266095630250894,-0.028139000869800437,0.5055331042036485,1.1140171167276245
3,rsi_14,0.5199788503663418,0.0006233391997375604,0.02496676189932707,-0.017264939354322637,-0.028139000869800437,0.5055331042036485,1.1140171167276245
4,rsi_14,0.5193368079160058,0.0008829435014778841,0.0297143652376734,-0.011989508859720527,-0.028139000869800437,0.5055331042036485,1.1140171167276245
5,rsi_14,0.5166931037087393,0.0010810916070091992,0.03287995752747985,-0.006250279393507769,-0.028139000869800437,0.5055331042036485,1.1140171167276245
6,rsi_14,0.519865548757459,0.0012798783000336211,0.03577538679083216,0.0017748664265596534,-0.028139000869800437,0.5055331042036485,1.1140171167276245
7,rsi_14,0.5196011783367324,0.001408522792633038,0.03753029166730547,0.006143648313598769,-0.028139000869800437,0.5055331042036485,1.1140171167276245
8,rsi_14,0.5209985648462875,0.0015682908599378154,0.03960165223747419,0.011568929237643858,-0.028139000869800437,0.5055331042036485,1.1140171167276245
9,rsi_14,0.5204698240048342,0.0015164874244272264,0.038942103492584375,0.015567028510204223,-0.028139000869800437,0.5055331042036485,1.1140171167276245
10,rsi_14,0.5231890626180226,0.0014010284289686092,0.037430314304968126,0.016356030509173964,-0.028139000869800437,0.5055331042036485,1.1140171167276245
11,rsi_14,0.5251907243749528,0.001078257864985499,0.032836837012503256,0.012487288730287429,-0.028139000869800437,0.5055331042036485,1.1140171167276245
12,rsi_14,0.5256061636075232,0.000705262753398439,0.026556783566507067,0.007364874438776851,-0.028139000869800437,0.5055331042036485,1.1140171167276245
13,rsi_14,0.525001888360148,0.0004640951290034723,0.021542867241937668,0.00180298193690964,-0.028139000869800437,0.5055331042036485,1.1140171167276245
14,rsi_14,0.528023264597024,0.0002987092097177513,0.017283206002294726,-0.00018434512759958087,-0.028139000869800437,0.5055331042036485,1.1140171167276245
15,rsi_14,0.5318377520960798,0.00016938536353006128,0.013014813234548301,-0.005354213473165959,-0.028139000869800437,0.5055331042036485,1.1140171167276245
16,rsi_14,0.5297605559332276,5.991901046153991e-05,0.007740737074815427,-0.008166125277461165,-0.028139000869800437,0.5055331042036485,1.1140171167276245
17,rsi_14,0.5264370420726641,1.3392911697440724e-05,0.003659632727137558,-0.010560634010695326,-0.028139000869800437,0.5055331042036485,1.1140171167276245
18,rsi_14,0.5276455925674145,2.1138941375120623e-08,0.00014539236971132432,-0.014129941164173938,-0.028139000869800437,0.5055331042036485,1.1140171167276245
19,rsi_14,0.5231512954150616,1.1208855136501938e-05,-0.0033479628337841297,-0.018737004554185865,-0.028139000869800437,0.5055331042036485,1.1140171167276245
20,rsi_14,0.5243598459098119,5.2605943289041335e-05,-0.007252995470076555,-0.02320426586717897,-0.028139000869800437,0.5055331042036485,1.1140171167276245
21,rsi_14,0.5226225545736083,0.00011121665274993475,-0.01054593062513362,-0.027432680979256618,-0.028139000869800437,0.5055331042036485,1.1140171167276245
22,rsi_14,0.5217916761084674,0.00017752194471798433,-0.01332373613961588,-0.03157578962774151,-0.028139000869800437,0.5055331042036485,1.1140171167276245
23,rsi_14,0.5244731475186948,0.00024712430868956137,-0.01572018793429617,-0.033857641067174246,-0.028139000869800437,0.5055331042036485,1.1140171167276245
24,rsi_14,0.5219427449203112,0.00032430257030147125,-0.018008402769308526,-0.03583746855772322,-0.028139000869800437,0.5055331042036485,1.1140171167276245
1,macd_12_26_9,0.5055301800611528,4.6964874597987816e-05,-0.006853092338331016,-0.024086705657559063,-0.021874126150654472,0.4825217063042658,-0.1701793930754306
2,macd_12_26_9,0.5079083462307954,9.061458438675007e-05,-0.009519169311801396,-0.03065835812769931,-0.021874126150654472,0.4825217063042658,-0.1701793930754306
3,macd_12_26_9,0.5149673474010041,0.00013329185617227957,-0.011545209230332336,-0.028207472418113135,-0.021874126150654472,0.4825217063042658,-0.1701793930754306
4,macd_12_26_9,0.5158733154656299,0.00021201128255443624,-0.014560607217917871,-0.03311429901264843,-0.021874126150654472,0.4825217063042658,-0.1701793930754306
5,macd_12_26_9,0.5168925295383338,0.0003379432224084322,-0.01838323209907815,-0.03526461834092396,-0.021874126150654472,0.4825217063042658,-0.1701793930754306
6,macd_12_26_9,0.5192329470386169,0.0005423461362752402,-0.02328832618020051,-0.03396630260464308,-0.021874126150654472,0.4825217063042658,-0.1701793930754306
7,macd_12_26_9,0.5188932090143823,0.0008532917652555039,-0.029211158232008573,-0.03226234827133264,-0.021874126150654472,0.4825217063042658,-0.1701793930754306
8,macd_12_26_9,0.5207806424823525,0.0012956863411131003,-0.03599564336295924,-0.03003848651536351,-0.021874126150654472,0.4825217063042658,-0.1701793930754306
9,macd_12_26_9,0.5202521611113208,0.0019398210562230345,-0.04404339968965943,-0.02920757880675198,-0.021874126150654472,0.4825217063042658,-0.1701793930754306
10,macd_12_26_9,0.5229323166358386,0.0027363005977159016,-0.05230966065380371,-0.03225925297471129,-0.021874126150654472,0.4825217063042658,-0.1701793930754306
11,macd_12_26_9,0.524932996111887,0.00361773445358915,-0.06014760555158481,-0.03575624875143328,-0.021874126150654472,0.4825217063042658,-0.1701793930754306
12,macd_12_26_9,0.5253859801441999,0.004546033472666244,-0.06742427954873578,-0.03914526700470372,-0.021874126150654472,0.4825217063042658,-0.1701793930754306
13,macd_12_26_9,0.5247820014344494,0.0054413967047778344,-0.07376582341964141,-0.04004072118786281,-0.021874126150654472,0.4825217063042658,-0.1701793930754306
14,macd_12_26_9,0.5278018949832018,0.0062971215698143235,-0.07935440485451546,-0.03838837852043377,-0.021874126150654472,0.4825217063042658,-0.1701793930754306
15,macd_12_26_9,0.5315767619191424,0.007120800960234153,-0.08438483845000767,-0.04000753449989174,-0.021874126150654472,0.4825217063042658,-0.1701793930754306
16,macd_12_26_9,0.529500585104375,0.007904722277023213,-0.08890850508822777,-0.04231724873378217,-0.021874126150654472,0.4825217063042658,-0.1701793930754306
17,macd_12_26_9,0.5276131516364048,0.008576517030222663,-0.0926094867182766,-0.04429371138413741,-0.021874126150654472,0.4825217063042658,-0.1701793930754306
18,macd_12_26_9,0.5287078630478276,0.00915586784475031,-0.09568629914857271,-0.04671717308159135,-0.021874126150654472,0.4825217063042658,-0.1701793930754306
19,macd_12_26_9,0.5269336755879356,0.009602691087629012,-0.09799332164810591,-0.051170579085599806,-0.021874126150654472,0.4825217063042658,-0.1701793930754306
20,macd_12_26_9,0.527348910950889,0.009875309313453262,-0.09937459088445699,-0.05239277906740036,-0.021874126150654472,0.4825217063042658,-0.1701793930754306
21,macd_12_26_9,0.5278018949832018,0.009947627704234963,-0.09973779476324338,-0.05462084362386819,-0.021874126150654472,0.4825217063042658,-0.1701793930754306
22,macd_12_26_9,0.5262164508701068,0.009787708420756047,-0.09893284803722081,-0.05618459867934295,-0.021874126150654472,0.4825217063042658,-0.1701793930754306
23,macd_12_26_9,0.5278773923219207,0.009400746713805086,-0.09695744795427103,-0.05614039992189374,-0.021874126150654472,0.4825217063042658,-0.1701793930754306
24,macd_12_26_9,0.5265561888943415,0.008814109444298834,-0.09388348866706515,-0.05463655307033973,-0.021874126150654472,0.4825217063042658,-0.1701793930754306
1,bollinger_bands_20_2,0.5048730734360835,0.00012338263688738138,-0.01110777371426807,0.02393153818674088,0.003316658549195855,0.5055343583544256,0.19416484332147627
2,bollinger_bands_20_2,0.5079706860078573,0.0002429915169095409,-0.015588185170496751,0.021024072984577168,0.003316658549195855,0.5055343583544256,0.19416484332147627
3,bollinger_bands_20_2,0.5150725294650952,0.00036816266475214743,-0.01918756536803104,0.026322856356109692,0.003316658549195855,0.5055343583544256,0.19416484332147627
4,bollinger_bands_20_2,0.5159791477787852,0.0004895525023015379,-0.022125833369648667,0.02227017583335504,0.003316658549195855,0.5055343583544256,0.19416484332147627
5,bollinger_bands_20_2,0.5171124206708976,0.000612978209581394,-0.02475839674900754,0.016553164406275186,0.003316658549195855,0.5055343583544256,0.19416484332147627
6,bollinger_bands_20_2,0.5193789664551224,0.0007332809506940263,-0.027079160819604865,0.015487144257467575,0.003316658549195855,0.5055343583544256,0.19416484332147627
7,bollinger_bands_20_2,0.519076760350559,0.0008456086276928954,-0.02907935053767511,0.017842378976430685,0.003316658549195855,0.5055343583544256,0.19416484332147627
8,bollinger_bands_20_2,0.5210033242671502,0.0009584410493929107,-0.03095869909076883,0.016337016753659117,0.003316658549195855,0.5055343583544256,0.19416484332147627
9,bollinger_bands_20_2,0.5204744635841644,0.00105748513069992,-0.03251899645899257,0.015943572935735638,0.003316658549195855,0.5055343583544256,0.19416484332147627
10,bollinger_bands_20_2,0.5232320942883046,0.0011439836029562,-0.03382282665532969,0.019473249710866995,0.003316658549195855,0.5055343583544256,0.19416484332147627
11,bollinger_bands_20_2,0.5252342097310365,0.0012269073358226468,-0.035027237056647564,0.01771351414820432,0.003316658549195855,0.5055343583544256,0.19416484332147627
12,bollinger_bands_20_2,0.525725294650952,0.0013040346335936315,-0.03611141971168679,0.01725385831430904,0.003316658549195855,0.5055343583544256,0.19416484332147627
13,bollinger_bands_20_2,0.5251208824418253,0.001383658143007227,-0.03719755560527289,0.019191545239065747,0.003316658549195855,0.5055343583544256,0.19416484332147627
14,bollinger_bands_20_2,0.5281429434874585,0.0014648097052574194,-0.03827283246974783,0.021547602531139007,0.003316658549195855,0.5055343583544256,0.19416484332147627
15,bollinger_bands_20_2,0.5319582955575702,0.001549328398680494,-0.03936150910065083,0.021268963767859757,0.003316658549195855,0.5055343583544256,0.19416484332147627
16,bollinger_bands_20_2,0.5298806285886974,0.0016267300795824724,-0.0403327420290566,0.019002874877715556,0.003316658549195855,0.5055343583544256,0.19416484332147627
17,bollinger_bands_20_2,0.5279918404351768,0.001706848415531037,-0.0413140220207508,0.01563546290134532,0.003316658549195855,0.5055343583544256,0.19416484332147627
18,bollinger_bands_20_2,0.5290873375642188,0.001787812781581577,-0.04228253518394692,0.016268373569656346,0.003316658549195855,0.5055343583544256,0.19416484332147627
19,bollinger_bands_20_2,0.5280296161982472,0.001867776677616173,-0.043217781960858244,0.012513812578199567,0.003316658549195855,0.5055343583544256,0.19416484332147627
20,bollinger_bands_20_2,0.5285962526443034,0.0019454569235587416,-0.04410733412436701,0.010170334118195888,0.003316658549195855,0.5055343583544256,0.19416484332147627
21,bollinger_bands_20_2,0.5292384406165005,0.0020178153756770234,-0.04492009990724253,0.008968817847447498,0.003316658549195855,0.5055343583544256,0.19416484332147627
22,bollinger_bands_20_2,0.5281807192505289,0.0020885339376722767,-0.04570048071598664,0.006256397209511936,0.003316658549195855,0.5055343583544256,0.19416484332147627
23,bollinger_bands_20_2,0.5311272287700212,0.0021608906904063696,-0.04648538146994864,0.004928975190558216,0.003316658549195855,0.5055343583544256,0.19416484332147627
24,bollinger_bands_20_2,0.5330537926866122,0.0022349005396037347,-0.047274734685701925,0.0029789993067194454,0.003316658549195855,0.5055343583544256,0.19416484332147627
1,obv,0.5090785549809369,4.380979723406231e-05,-0.0066188969801665755,0.0216153527356958,0.004085240538465449,0.5062665156662892,0.1321640021607421
2,obv,0.5112302291344231,8.678288774677245e-05,-0.009315733344552693,0.021448853244177685,0.004085240538465449,0.5062665156662892,0.1321640021607421
3,obv,0.5167792835302556,0.00013152767149959832,-0.011468551412423311,0.026171285473623417,0.004085240538465449,0.5062665156662892,0.1321640021607421
4,obv,0.5188932090143823,0.00017598602486490478,-0.013265972443246832,0.024706598930807473,0.004085240538465449,0.5062665156662892,0.1321640021607421
5,obv,0.5168925295383338,0.00022014002284176382,-0.014837116392409474,0.02135493179187329,0.004085240538465449,0.5062665156662892,0.1321640021607421
6,obv,0.5202144124419614,0.0002644200339579905,-0.016260997323593117,0.020803152011518614,0.004085240538465449,0.5062665156662892,0.1321640021607421
7,obv,0.5213846211921029,0.00030718973139920447,-0.017526828903116673,0.022223032675221265,0.004085240538465449,0.5062665156662892,0.1321640021607421
8,obv,0.5225170812728851,0.0003502594165156747,-0.018715218847660916,0.02165920815674802,0.004085240538465449,0.5062665156662892,0.1321640021607421
9,obv,0.5236495413536673,0.0003905149301318689,-0.01976145060798809,0.023143642504590393,0.004085240538465449,0.5062665156662892,0.1321640021607421
10,obv,0.526782680910498,0.00042816289657754414,-0.020692097442684833,0.026249558059502857,0.004085240538465449,0.5062665156662892,0.1321640021607421
11,obv,0.5287833603865464,0.0004666241075393929,-0.021601483919843564,0.026475733189743028,0.004085240538465449,0.5062665156662892,0.1321640021607421
12,obv,0.5284058736929523,0.0005053028650318092,-0.022478942702703526,0.026687151296620592,0.004085240538465449,0.5062665156662892,0.1321640021607421
13,obv,0.5293118417575781,0.0005457989328047086,-0.023362340054130556,0.028637877014563676,0.004085240538465449,0.5062665156662892,0.1321640021607421
14,obv,0.5315767619191424,0.0005850180140434258,-0.024187145636546864,0.030492713491067202,0.004085240538465449,0.5062665156662892,0.1321640021607421
15,obv,0.5335396927258315,0.0006260570000434784,-0.025021131070423072,0.03046243479868802,0.004085240538465449,0.5062665156662892,0.1321640021607421
16,obv,0.5327469706692839,0.0006670003397898361,-0.025826349718648292,0.028654743757662363,0.004085240538465449,0.5062665156662892,0.1321640021607421
17,obv,0.5292740930882186,0.000707829433570395,-0.026605064058752736,0.02588412691339973,0.004085240538465449,0.5062665156662892,0.1321640021607421
18,obv,0.5320297459514552,0.0007481085693098466,-0.02735157343389235,0.02634342316387564,0.004085240538465449,0.5062665156662892,0.1321640021607421
19,obv,0.529123098410781,0.0007871430723495054,-0.028056070151568024,0.02353244867954194,0.004085240538465449,0.5062665156662892,0.1321640021607421
20,obv,0.5299158204673285,0.0008248037164853006,-0.02871939617201706,0.021646317780931998,0.004085240538465449,0.5062665156662892,0.1321640021607421
21,obv,0.5314257672417048,0.0008620292758264592,-0.029360335076876735,0.0205241026517499,0.004085240538465449,0.5062665156662892,0.1321640021607421
22,obv,0.5296893284511721,0.0009026778103381483,-0.030044597024058574,0.017924279212644546,0.004085240538465449,0.5062665156662892,0.1321640021607421
23,obv,0.5304443018383602,0.000944056366903534,-0.0307255002710052,0.01626102052414334,0.004085240538465449,0.5062665156662892,0.1321640021607421
24,obv,0.5285191197010305,0.0009843881241766717,-0.03137496014622028,0.01436577581732304,0.004085240538465449,0.5062665156662892,0.1321640021607421
1,adx_14,0.508059340908233,4.390152414002202e-05,0.006625822525534106,0.007709913106990654,0.010173798762229446,0.5050585126462817,0.739909965602462
2,adx_14,0.5097957796987657,0.00011218572242766012,0.010591776169637223,0.009654074779771631,0.010173798762229446,0.5050585126462817,0.739909965602462
3,adx_14,0.5153070854252387,0.00021131841808097462,0.01453679531674774,0.012890262103459869,0.010173798762229446,0.5050585126462817,0.739909965602462
4,adx_14,0.5158733154656299,0.0003306684127253323,0.01818429027279972,0.01426527581152064,0.010173798762229446,0.5050585126462817,0.739909965602462
5,adx_14,0.5173832622400061,0.0004681538692168363,0.021636863664058224,0.015313068487140405,0.010173798762229446,0.5050585126462817,0.739909965602462
6,adx_14,0.5200256690951643,0.0006175955009704026,0.024851468788995714,0.019494665138830466,0.010173798762229446,0.5050585126462817,0.739909965602462
7,adx_14,0.5209316371597901,0.0007735310456445932,0.027812426101378258,0.022169336219416018,0.010173798762229446,0.5050585126462817,0.739909965602462
8,adx_14,0.5222150919180099,0.0009338925379382967,0.030559655396264512,0.02587911620002239,0.010173798762229446,0.5050585126462817,0.739909965602462
9,adx_14,0.5221773432486505,0.0010718033384740089,0.03273840769607074,0.026172536709134157,0.010173798762229446,0.5050585126462817,0.739909965602462
10,adx_14,0.5259899588539504,0.0011813586400837295,0.03437089815648779,0.027466928851775346,0.010173798762229446,0.5050585126462817,0.739909965602462
11,adx_14,0.5267071835717791,0.0012731331309044913,0.035680991170433975,0.02540543395527317,0.010173798762229446,0.5050585126462817,0.739909965602462
12,adx_14,0.5274999056283266,0.0013331597126827743,0.03651245969094353,0.024465035162304315,0.010173798762229446,0.5050585126462817,0.739909965602462
13,adx_14,0.5257257181684346,0.001370232474141142,0.03701665130912126,0.02323523674187644,0.010173798762229446,0.5050585126462817,0.739909965602462
14,adx_14,0.5287456117171869,0.0013892215058426416,0.03727226188256888,0.020932188648441864,0.010173798762229446,0.5050585126462817,0.739909965602462
15,adx_14,0.5325959759918463,0.0014012611401915676,0.037433422768849235,0.02078178187095334,0.010173798762229446,0.5050585126462817,0.739909965602462
16,adx_14,0.530519799177079,0.0014082634696434004,0.03752683665916265,0.021040022180961886,0.010173798762229446,0.5050585126462817,0.739909965602462
17,adx_14,0.5286323657091088,0.0014066942422554796,0.0375059227623516,0.02195321041644019,0.010173798762229446,0.5050585126462817,0.739909965602462
18,adx_14,0.5297270771205315,0.0013929162174589615,0.03732179279535289,0.02363247726486139,0.010173798762229446,0.5050585126462817,0.739909965602462
19,adx_14,0.5279528896606395,0.001375601508565083,0.03708910228847603,0.023938106679134045,0.010173798762229446,0.5050585126462817,0.739909965602462
20,adx_14,0.5283681250235929,0.001360889978126112,0.03689024231589958,0.025653335922131003,0.010173798762229446,0.5050585126462817,0.739909965602462
21,adx_14,0.5288211090559057,0.0013445417095599987,0.03666799298516068,0.02611737942936646,0.010173798762229446,0.5050585126462817,0.739909965602462
22,adx_14,0.5272356649428107,0.0013231371355032495,0.036374952034375616,0.025684454673809868,0.010173798762229446,0.5050585126462817,0.739909965602462
23,adx_14,0.5288966063946245,0.0012995172167097335,0.03604881713329877,0.024933524849867893,0.010173798762229446,0.5050585126462817,0.739909965602462
24,adx_14,0.5275754029670454,0.0012638776972423438,0.03555105761074325,0.024125764404161042,0.010173798762229446,0.5050585126462817,0.739909965602462
1,stochastic_oscillator_14,0.5233778986328272,8.328386866240933e-05,0.009125999597984446,-0.05110147733995232,-0.049070182425954595,0.5045133512104846,1.0222909220894842
2,stochastic_oscillator_14,0.5213007024699751,0.00018049708004985732,0.013434920172815706,-0.04747806633902313,-0.049070182425954595,0.5045133512104846,1.0222909220894842
3,stochastic_oscillator_14,0.5245864491275776,0.00032726694398721445,0.018090520832392886,-0.0358247929047154,-0.049070182425954595,0.5045133512104846,1.0222909220894842
4,stochastic_oscillator_14,0.5246997507364605,0.0004991972522501165,0.022342722579179578,-0.026572829165147045,-0.049070182425954595,0.5045133512104846,1.0222909220894842
5,stochastic_oscillator_14,0.526512576478586,0.0005451235789565301,0.02334788168028382,-0.021943941738650677,-0.049070182425954595,0.5045133512104846,1.0222909220894842
6,stochastic_oscillator_14,0.5225847873706473,0.0006653583420918041,0.025794540935857084,-0.012741913467569463,-0.049070182425954595,0.5045133512104846,1.0222909220894842
7,stochastic_oscillator_14,0.5206964272225999,0.0008410189146540459,0.02900032611289176,-0.007100279727585496,-0.049070182425954595,0.5045133512104846,1.0222909220894842
8,stochastic_oscillator_14,0.5209985648462875,0.0010664894121332757,0.032657149479603624,-0.0008581970471007705,-0.049070182425954595,0.5045133512104846,1.0222909220894842
9,stochastic_oscillator_14,0.5204698240048342,0.0011993902872680096,0.034632214587982345,0.004431469478787141,-0.049070182425954595,0.5045133512104846,1.0222909220894842
10,stochastic_oscillator_14,0.5231890626180226,0.0012221420653977244,0.03495914852220688,0.007315940133387315,-0.049070182425954595,0.5045133512104846,1.0222909220894842
11,stochastic_oscillator_14,0.5251907243749528,0.001113253521126123,0.03336545400749157,0.00815480515447055,-0.049070182425954595,0.5045133512104846,1.0222909220894842
12,stochastic_oscillator_14,0.5256061636075232,0.0009130089333824198,0.03021603768501274,0.009512034029746787,-0.049070182425954595,0.5045133512104846,1.0222909220894842
13,stochastic_oscillator_14,0.525001888360148,0.00073359118071048,0.027084888419755804,0.007664666674410472,-0.049070182425954595,0.5045133512104846,1.0222909220894842
14,stochastic_oscillator_14,0.528023264597024,0.0006205433090579193,0.024910706715346377,0.008678562647113001,-0.049070182425954595,0.5045133512104846,1.0222909220894842
15,stochastic_oscillator_14,0.5318377520960798,0.0004779878261658155,0.021862932698199177,0.005780243080544613,-0.049070182425954595,0.5045133512104846,1.0222909220894842
16,stochastic_oscillator_14,0.5297605559332276,0.0002885159659612446,0.016985757738801257,0.0037582153121868277,-0.049070182425954595,0.5045133512104846,1.0222909220894842
17,stochastic_oscillator_14,0.5278721957851802,0.00016251689984758677,0.012748211633312233,0.0010867232132458211,-0.049070182425954595,0.5045133512104846,1.0222909220894842
18,stochastic_oscillator_14,0.5289674446710476,8.129189440775342e-05,0.009016201772770316,-0.0013787060800621346,-0.049070182425954595,0.5045133512104846,1.0222909220894842
19,stochastic_oscillator_14,0.527192386131883,3.2399846764175066e-05,0.005692086327887092,-0.003975750943858943,-0.049070182425954595,0.5045133512104846,1.0222909220894842
20,stochastic_oscillator_14,0.5276078253644535,5.191643387858491e-06,0.0022785178050716837,-0.007108188426403607,-0.049070182425954595,0.5045133512104846,1.0222909220894842
21,stochastic_oscillator_14,0.5280610317999849,1.1025247319551568e-06,-0.0010500117771321642,-0.012115457422196588,-0.049070182425954595,0.5045133512104846,1.0222909220894842
22,stochastic_oscillator_14,0.5239066394742805,2.2906130642041944e-05,-0.004786034960404541,-0.01780880156503402,-0.049070182425954595,0.5045133512104846,1.0222909220894842
23,stochastic_oscillator_14,0.5259838356371327,7.265852716842325e-05,-0.008523997135631052,-0.022706657588147786,-0.049070182425954595,0.5045133512104846,1.0222909220894842
24,stochastic_oscillator_14,0.5252662587808747,0.00015814255272295075,-0.012575474254390833,-0.028534589166619707,-0.049070182425954595,0.5045133512104846,1.0222909220894842
1,ichimoku_cloud_9_26_52,0.5043829819390917,0.00011651672457602125,-0.010794291295675728,0.023228328466737065,0.002491188359376678,0.5055356130738712,0.19942963124689359
2,ichimoku_cloud_9_26_52,0.5079724930098994,0.00023515875714275047,-0.015334886929571379,0.020339855109694806,0.002491188359376678,0.5055356130738712,0.19942963124689359
3,ichimoku_cloud_9_26_52,0.515113730824454,0.0003542021542642937,-0.018820259144449215,0.025358270990701936,0.002491188359376678,0.5055356130738712,0.19942963124689359
4,ichimoku_cloud_9_26_52,0.5160205546739213,0.00047629912521085505,-0.021824278343417203,0.021296135733290977,0.002491188359376678,0.5055356130738712,0.19942963124689359
5,ichimoku_cloud_9_26_52,0.5171163001586941,0.0005984871928622626,-0.024463997892046008,0.015581594421026785,0.002491188359376678,0.5055356130738712,0.19942963124689359
6,ichimoku_cloud_9_26_52,0.5194211441094234,0.0007243802632451724,-0.02691431335265691,0.01444431446501217,0.002491188359376678,0.5055356130738712,0.19942963124689359
7,ichimoku_cloud_9_26_52,0.5191944381470566,0.0008478761163074333,-0.029118312387690855,0.01674021600369835,0.002491188359376678,0.5055356130738712,0.19942963124689359
8,ichimoku_cloud_9_26_52,0.5211214388271745,0.0009764535803655772,-0.031248257237252733,0.015242009826583523,0.002491188359376678,0.5055356130738712,0.19942963124689359
9,ichimoku_cloud_9_26_52,0.5205924582483186,0.0011050316312777309,-0.03324201605315284,0.01485122436877625,0.002491188359376678,0.5055356130738712,0.19942963124689359
10,ichimoku_cloud_9_26_52,0.5233507141237814,0.0012238260507652088,-0.034983225276767886,0.018232439579014426,0.002491188359376678,0.5055356130738712,0.19942963124689359
11,ichimoku_cloud_9_26_52,0.5253532834580216,0.0013371914557779307,-0.03656762852275038,0.016495836167962543,0.002491188359376678,0.5055356130738712,0.19942963124689359
12,ichimoku_cloud_9_26_52,0.5258444797098164,0.0014452949924235181,-0.03801703555543605,0.01592110869853322,0.002491188359376678,0.5055356130738712,0.19942963124689359
13,ichimoku_cloud_9_26_52,0.5252399304768383,0.0015545069541041956,-0.03942723619662315,0.017681220548616303,0.002491188359376678,0.5055356130738712,0.19942963124689359
14,ichimoku_cloud_9_26_52,0.528262676641729,0.0016630156638587357,-0.04078008906143565,0.019972398457550864,0.002491188359376678,0.5055356130738712,0.19942963124689359
15,ichimoku_cloud_9_26_52,0.5320788936749037,0.0017729476903032282,-0.04210638538634311,0.019541449379395285,0.002491188359376678,0.5055356130738712,0.19942963124689359
16,ichimoku_cloud_9_26_52,0.5300007556865413,0.0018773852041241712,-0.04332880340055847,0.017171864642825642,0.002491188359376678,0.5055356130738712,0.19942963124689359
17,ichimoku_cloud_9_26_52,0.5281115393334844,0.001982473052321021,-0.04452497110971589,0.013660516660331279,0.002491188359376678,0.5055356130738712,0.19942963124689359
18,ichimoku_cloud_9_26_52,0.5292072848182574,0.0020830653282496447,-0.045640610515740476,0.014091322777322349,0.002491188359376678,0.5055356130738712,0.19942963124689359
19,ichimoku_cloud_9_26_52,0.5284893826040958,0.0021767373371973653,-0.04665551775725569,0.010184406715098578,0.002491188359376678,0.5055356130738712,0.19942963124689359
20,ichimoku_cloud_9_26_52,0.5293962064535631,0.002268301356577962,-0.0476266874407414,0.007703913935177059,0.002491188359376678,0.5055356130738712,0.19942963124689359
21,ichimoku_cloud_9_26_52,0.530491951938336,0.0023610917269470955,-0.048591066328566856,0.00641494342336133,0.002491188359376678,0.5055356130738712,0.19942963124689359
22,ichimoku_cloud_9_26_52,0.5289427945288294,0.002453208377693583,-0.049529873588506974,0.0036764442211270737,0.002491188359376678,0.5055356130738712,0.19942963124689359
23,ichimoku_cloud_9_26_52,0.5320411093478425,0.0025454988852205984,-0.05045293732995864,0.002341142050303836,0.002491188359376678,0.5055356130738712,0.19942963124689359
24,ichimoku_cloud_9_26_52,0.533023501851432,0.0026346229466437388,-0.0513285782643928,0.00041392032202374065,0.002491188359376678,0.5055356130738712,0.19942963124689359
1,vwap,0.5055301800611528,5.147068232658203e-05,-0.00717430709730597,0.020146797275213832,0.0001753252674051971,0.5055492638731597,0.4834049864093013
2,vwap,0.5079083462307954,0.00010325506326736011,-0.010161449860496344,0.016982523640957956,0.0001753252674051971,0.5055492638731597,0.4834049864093013
3,vwap,0.5149673474010041,0.00015872031737051984,-0.01259842519406778,0.01901225207012181,0.0001753252674051971,0.5055492638731597,0.4834049864093013
4,vwap,0.5158733154656299,0.00021319818332432572,-0.014601307589540587,0.01564473460850177,0.0001753252674051971,0.5055492638731597,0.4834049864093013
5,vwap,0.5168925295383338,0.0002683912199430427,-0.016382649967061923,0.010866717437464321,0.0001753252674051971,0.5055492638731597,0.4834049864093013
6,vwap,0.5192329470386169,0.00032372897701704595,-0.0179924700087891,0.009287328633215814,0.0001753252674051971,0.5055492638731597,0.4834049864093013
7,vwap,0.5188932090143823,0.0003778968367533775,-0.019439568841755853,0.010412540256545163,0.0001753252674051971,0.5055492638731597,0.4834049864093013
8,vwap,0.5207806424823525,0.00043382925468826716,-0.020828568234235734,0.00873428135566905,0.0001753252674051971,0.5055492638731597,0.4834049864093013
9,vwap,0.5202521611113208,0.00048485243511697806,-0.022019365002582447,0.00969966916032195,0.0001753252674051971,0.5055492638731597,0.4834049864093013
10,vwap,0.5229323166358386,0.0005321964432750681,-0.02306938324436048,0.013016143329663579,0.0001753252674051971,0.5055492638731597,0.4834049864093013
11,vwap,0.524932996111887,0.0005794881096202742,-0.0240725592661065,0.012255203875542497,0.0001753252674051971,0.5055492638731597,0.4834049864093013
12,vwap,0.5253859801441999,0.0006250808143867248,-0.025001616235489414,0.012524152160030609,0.0001753252674051971,0.5055492638731597,0.4834049864093013
13,vwap,0.5247820014344494,0.0006734811609369062,-0.025951515580734143,0.014674064802823348,0.0001753252674051971,0.5055492638731597,0.4834049864093013
14,vwap,0.5278018949832018,0.0007226882363638998,-0.02688286138721077,0.016259528334283065,0.0001753252674051971,0.5055492638731597,0.4834049864093013
15,vwap,0.5315767619191424,0.000773946481139931,-0.027819893622008457,0.016403619071673464,0.0001753252674051971,0.5055492638731597,0.4834049864093013
16,vwap,0.529500585104375,0.0008236675408437311,-0.028699608722834887,0.01463142462402334,0.0001753252674051971,0.5055492638731597,0.4834049864093013
17,vwap,0.5276131516364048,0.0008753600733232281,-0.029586484639495952,0.012424187298830911,0.0001753252674051971,0.5055492638731597,0.4834049864093013
18,vwap,0.5287078630478276,0.0009267075693538684,-0.03044187197519051,0.012845082417192856,0.0001753252674051971,0.5055492638731597,0.4834049864093013
19,vwap,0.5269336755879356,0.0009770333101714046,-0.031257532055033,0.010542774293645325,0.0001753252674051971,0.5055492638731597,0.4834049864093013
20,vwap,0.527348910950889,0.00102697918931971,-0.03204651602467473,0.008486365442497241,0.0001753252674051971,0.5055492638731597,0.4834049864093013
21,vwap,0.5278018949832018,0.0010769728863939676,-0.03281726506572403,0.007597706311114895,0.0001753252674051971,0.5055492638731597,0.4834049864093013
22,vwap,0.5262164508701068,0.0011306214404250836,-0.033624714726297224,0.005255589276666039,0.0001753252674051971,0.5055492638731597,0.4834049864093013
23,vwap,0.5278773923219207,0.0011867911857891267,-0.03444983578754921,0.0032817972270170505,0.0001753252674051971,0.5055492638731597,0.4834049864093013
24,vwap,0.5265561888943415,0.0012429015461983273,-0.035254808837919566,0.001538567796195639,0.0001753252674051971,0.5055492638731597,0.4834049864093013
1,atr,0.5055140116322985,2.696757077758072e-06,-0.001642180586228145,0.029669308014540943,0.014545457449447245,0.5055331042036485,0.3111684547417665
2,atr,0.5079688798247601,5.222587409314805e-06,-0.0022852981007669996,0.029417461153040034,0.014545457449447245,0.5055331042036485,0.3111684547417665
3,atr,0.5151068811843795,1.2454426767560811e-05,-0.0035290829924548225,0.03839729566077677,0.014545457449447245,0.5055331042036485,0.3111684547417665
4,atr,0.5159755268524813,2.3421519863453533e-05,-0.004839578479950262,0.03658122170386182,0.014545457449447245,0.5055331042036485,0.3111684547417665
5,atr,0.5170707757383488,3.6632031040095825e-05,-0.0060524400897443,0.032964960322678934,0.014545457449447245,0.5055331042036485,0.3111684547417665
6,atr,0.5193745751189667,5.4249324292432455e-05,-0.0073654140611646175,0.03364615097580801,0.014545457449447245,0.5055331042036485,0.3111684547417665
7,atr,0.5190724374952791,7.551657274418311e-05,-0.008690027200432776,0.037351514095457825,0.014545457449447245,0.5055331042036485,0.3111684547417665
8,atr,0.5209985648462875,9.544007570672086e-05,-0.009769343668168277,0.03627539755498934,0.014545457449447245,0.5055331042036485,0.3111684547417665
9,atr,0.5204698240048342,0.000114184419047203,-0.010685710975280498,0.03506243037797067,0.014545457449447245,0.5055331042036485,0.3111684547417665
10,atr,0.5231890626180226,0.00013637224186124897,-0.011677852621994559,0.038537125844032696,0.014545457449447245,0.5055331042036485,0.3111684547417665
11,atr,0.5251907243749528,0.00014423360669446605,-0.012009729667834618,0.03779197525017378,0.014545457449447245,0.5055331042036485,0.3111684547417665
12,atr,0.5256061636075232,0.00015070527949367918,-0.01227620786291361,0.03731399997533212,0.014545457449447245,0.5055331042036485,0.3111684547417665
13,atr,0.525001888360148,0.0001552155730406568,-0.012458554211499719,0.03952427494960578,0.014545457449447245,0.5055331042036485,0.3111684547417665
14,atr,0.528023264597024,0.00017214361462725147,-0.013120351162497918,0.041912827543218734,0.014545457449447245,0.5055331042036485,0.3111684547417665
15,atr,0.5318377520960798,0.00019626372945802384,-0.014009415742928416,0.042338016833812483,0.014545457449447245,0.5055331042036485,0.3111684547417665
16,atr,0.5297605559332276,0.0002173951907256111,-0.014744327408380987,0.04052361133403332,0.014545457449447245,0.5055331042036485,0.3111684547417665
17,atr,0.5278721957851802,0.00023247840270268494,-0.01524724246225086,0.037729752566902364,0.014545457449447245,0.5055331042036485,0.3111684547417665
18,atr,0.5289674446710476,0.0002529177576717778,-0.015903388245016113,0.038627404673633146,0.014545457449447245,0.5055331042036485,0.3111684547417665
19,atr,0.527192386131883,0.0002728334578276925,-0.01651767107759603,0.03535375253068963,0.014545457449447245,0.5055331042036485,0.3111684547417665
20,atr,0.5276078253644535,0.00028705273380724705,-0.016942630663722192,0.033520491607166386,0.014545457449447245,0.5055331042036485,0.3111684547417665
21,atr,0.5280610317999849,0.00030234588276878416,-0.01738809600758734,0.03294743155568776,0.014545457449447245,0.5055331042036485,0.3111684547417665
22,atr,0.5264748092756251,0.0003349572653514876,-0.018301837758858876,0.030252523636254754,0.014545457449447245,0.5055331042036485,0.3111684547417665
23,atr,0.5281365662059068,0.0003762647108150885,-0.019397543937699532,0.029200678200402938,0.014545457449447245,0.5055331042036485,0.3111684547417665
24,atr,0.5268147141022735,0.0004218050218216529,-0.02053789234127382,0.027368318186565627,0.014545457449447245,0.5055331042036485,0.3111684547417665
1,cci,0.5187367784829253,0.00010584192097473633,0.010287950280539707,-0.040271722064792945,-0.037437094839755804,0.47504816591741905,0.522108870842485
2,cci,0.5225143547899668,0.00020083175002949538,0.01417151191756196,-0.03785875385263177,-0.037437094839755804,0.47504816591741905,0.522108870842485
3,cci,0.5258763977032336,0.0004001099381246709,0.02000274826429479,-0.027678171003136583,-0.037437094839755804,0.47504816591741905,0.522108870842485
4,cci,0.5277274100936838,0.0005580636857005494,0.02362337159891821,-0.02256921102552938,-0.037437094839755804,0.47504816591741905,0.522108870842485
5,cci,0.5234965246297976,0.0007248949534508498,0.02692387329956369,-0.016956080880251422,-0.037437094839755804,0.47504816591741905,0.522108870842485
6,cci,0.5197944998488969,0.0009404748536522289,0.030667162464963874,-0.00748109853209152,-0.037437094839755804,0.47504816591741905,0.522108870842485
7,cci,0.5188123300090662,0.0011434436029218453,0.03381484293800681,-0.00398686168009166,-0.037437094839755804,0.47504816591741905,0.522108870842485
8,cci,0.5207388939256573,0.0013963211517410423,0.037367380852034345,0.0006974793132986177,-0.037437094839755804,0.47504816591741905,0.522108870842485
9,cci,0.5202100332426715,0.0013980995337972146,0.03739116919537701,0.002485025252270669,-0.037437094839755804,0.47504816591741905,0.522108870842485
10,cci,0.5232320942883046,0.001260058586806223,0.03549730393714842,0.002255095862166464,-0.037437094839755804,0.47504816591741905,0.522108870842485
11,cci,0.5253475370202478,0.0010901699340447601,0.03301772151504282,0.0009727127854496718,-0.037437094839755804,0.47504816591741905,0.522108870842485
12,cci,0.5258386219401632,0.0009133622821370091,0.0302218841592799,0.00044275566527629653,-0.037437094839755804,0.47504816591741905,0.522108870842485
13,cci,0.524818676337262,0.0007747659615998659,0.027834618043004033,-0.0011055610666167379,-0.037437094839755804,0.47504816591741905,0.522108870842485
14,cci,0.5282562707766697,0.0006533832977373422,0.02556136337790804,-3.487962852701305e-05,-0.037437094839755804,0.47504816591741905,0.522108870842485
15,cci,0.531844968268359,0.0005023030928310579,0.02241211932930813,-0.0024242826735974355,-0.037437094839755804,0.47504816591741905,0.522108870842485
16,cci,0.5297673012994862,0.00031385578363840594,0.017715975379256024,-0.004976544294580671,-0.037437094839755804,0.47504816591741905,0.522108870842485
17,cci,0.5267830160169236,0.000163029227365441,0.012768289915463405,-0.007491011977971281,-0.037437094839755804,0.47504816591741905,0.522108870842485
18,cci,0.5281807192505289,6.815217061029166e-05,0.00825543279364808,-0.011737936845135043,-0.037437094839755804,0.47504816591741905,0.522108870842485
19,cci,0.5267452402538532,2.1158970024970358e-05,0.004599888044861903,-0.015863641474207647,-0.037437094839755804,0.47504816591741905,0.522108870842485
20,cci,0.5264430341492898,5.932088967819382e-07,0.0007702005561621263,-0.02024128811069751,-0.037437094839755804,0.47504816591741905,0.522108870842485
21,cci,0.5261030522816561,1.0517302344137391e-05,-0.003243039059897683,-0.025626477895351125,-0.037437094839755804,0.47504816591741905,0.522108870842485
22,cci,0.526820791779994,4.8763835578169434e-05,-0.006983110737914102,-0.031191034740184077,-0.037437094839755804,0.47504816591741905,0.522108870842485
23,cci,0.5304472650347537,0.00012056078366595724,-0.010980017471116422,-0.03551029560282612,-0.037437094839755804,0.47504816591741905,0.522108870842485
24,cci,0.5295028709579933,0.0002149779808774399,-0.014662127433536707,-0.039602881568535205,-0.037437094839755804,0.47504816591741905,0.522108870842485
1,williams_r,0.5233778986328272,8.328397298806856e-05,0.009126005313831346,-0.05111158093613727,-0.0490788094899805,0.4790950636401405,-0.38753588821748364
2,williams_r,0.5213007024699751,0.00018049726036273306,0.01343492688341839,-0.0474869819827525,-0.0490788094899805,0.4790950636401405,-0.38753588821748364
3,williams_r,0.5246242163305386,0.00032726719525510983,0.01809052777713382,-0.03583038748036975,-0.0490788094899805,0.4790950636401405,-0.38753588821748364
4,williams_r,0.5246997507364605,0.0004991975371076984,0.022342728953909274,-0.026578444173560093,-0.0490788094899805,0.4790950636401405,-0.38753588821748364
5,williams_r,0.526512576478586,0.000545123818638471,0.023347886813123133,-0.02195194908038713,-0.0490788094899805,0.4790950636401405,-0.38753588821748364
6,williams_r,0.5225847873706473,0.0006653585766125403,0.025794545481796556,-0.012750974417885802,-0.0490788094899805,0.4790950636401405,-0.38753588821748364
7,williams_r,0.5206964272225999,0.0008410191393460886,0.029000329986849715,-0.00711176478693636,-0.0490788094899805,0.4790950636401405,-0.38753588821748364
8,williams_r,0.5209985648462875,0.001066489640282775,0.03265715297270572,-0.0008692777212119819,-0.0490788094899805,0.4790950636401405,-0.38753588821748364
9,williams_r,0.5204698240048342,0.001199390493429875,0.03463221756442787,0.004423338969470224,-0.0490788094899805,0.4790950636401405,-0.38753588821748364
10,williams_r,0.5231890626180226,0.0012221422533525983,0.03495915121041583,0.007306695260767931,-0.0490788094899805,0.4790950636401405,-0.38753588821748364
11,williams_r,0.5251907243749528,0.001113253663199254,0.03336545613653716,0.008145910529091352,-0.0490788094899805,0.4790950636401405,-0.38753588821748364
12,williams_r,0.5256061636075232,0.0009130090185734963,0.030216039094717463,0.009503018275407223,-0.0490788094899805,0.4790950636401405,-0.38753588821748364
13,williams_r,0.525001888360148,0.0007335912277994794,0.027084889289040917,0.007655834279719613,-0.0490788094899805,0.4790950636401405,-0.38753588821748364
14,williams_r,0.528023264597024,0.0006205433608998945,0.024910707755899496,0.008669925378381517,-0.0490788094899805,0.4790950636401405,-0.38753588821748364
15,williams_r,0.5318377520960798,0.00047798787904529405,0.021862933907540818,0.005772114681449111,-0.0490788094899805,0.4790950636401405,-0.38753588821748364
16,williams_r,0.5297605559332276,0.00028851600925206,0.01698575901313038,0.003749284403396094,-0.0490788094899805,0.4790950636401405,-0.38753588821748364
17,williams_r,0.5278721957851802,0.00016251693303837023,0.012748212935091697,0.0010777774048708652,-0.0490788094899805,0.4790950636401405,-0.38753588821748364
18,williams_r,0.5289674446710476,8.129192006434138e-05,0.009016203195595915,-0.001388165050315182,-0.0490788094899805,0.4790950636401405,-0.38753588821748364
19,williams_r,0.527192386131883,3.239986372538528e-05,0.005692087817769649,-0.003984812920822824,-0.0490788094899805,0.4790950636401405,-0.38753588821748364
20,williams_r,0.5276078253644535,5.191650873759279e-06,0.002278519447727603,-0.007116017986401737,-0.0490788094899805,0.4790950636401405,-0.38753588821748364
21,williams_r,0.5280610317999849,1.1025218945581727e-06,-0.0010500104259115735,-0.012122873052586193,-0.0490788094899805,0.4790950636401405,-0.38753588821748364
22,williams_r,0.5240577082861243,2.2906121909582744e-05,-0.004786034048114642,-0.017815205594723833,-0.0490788094899805,0.4790950636401405,-0.38753588821748364
23,williams_r,0.5259838356371327,7.265852154691999e-05,-0.00852399680590812,-0.022713429372256542,-0.0490788094899805,0.4790950636401405,-0.38753588821748364
24,williams_r,0.5252662587808747,0.00015814256741675248,-0.012575474838616554,-0.02854144547440539,-0.0490788094899805,0.4790950636401405,-0.38753588821748364
